PC1,DeltaG_kJ_mol
-1.112942199781513075e+01,3.457887577492512410e+00
-1.099982731545502013e+01,3.457887577492512410e+00
-1.087023263309490950e+01,3.457887577492512410e+00
-1.074063795073479888e+01,3.457887577492512410e+00
-1.061104326837468825e+01,3.457887577492512410e+00
-1.048144858601457763e+01,3.457887577492512410e+00
-1.035185390365446878e+01,3.457887577492512410e+00
-1.022225922129435816e+01,3.457887577492512410e+00
-1.009266453893424753e+01,3.457887577492512410e+00
-9.963069856574136907e+00,3.457887577492512410e+00
-9.833475174214026282e+00,3.457887577492512410e+00
-9.703880491853915657e+00,3.457887577492512410e+00
-9.574285809493805033e+00,3.457887577492512410e+00
-9.444691127133694408e+00,3.457887577492512410e+00
-9.315096444773583784e+00,3.457887577492512410e+00
-9.185501762413473159e+00,3.457887577492512410e+00
-9.055907080053362534e+00,3.457887577492512410e+00
-8.926312397693251910e+00,3.457887577492512410e+00
-8.796717715333143062e+00,3.457887577492512410e+00
-8.667123032973032437e+00,3.457887577492512410e+00
-8.537528350612921813e+00,3.457887577492512410e+00
-8.407933668252811188e+00,3.457887577492512410e+00
-8.278338985892700563e+00,3.457887577492512410e+00
-8.148744303532589939e+00,3.457887577492512410e+00
-8.019149621172479314e+00,3.457887577492512410e+00
-7.889554938812368690e+00,3.457887577492512410e+00
-7.759960256452258065e+00,3.457887577492512410e+00
-7.630365574092147440e+00,3.457887577492512410e+00
-7.500770891732036816e+00,1.728943788746255539e+00
-7.371176209371926191e+00,3.457887577492512410e+00
-7.241581527011815567e+00,3.457887577492512410e+00
-7.111986844651705830e+00,3.457887577492512410e+00
-6.982392162291595206e+00,1.728943788746255539e+00
-6.852797479931484581e+00,3.457887577492512410e+00
-6.723202797571373956e+00,3.457887577492512410e+00
-6.593608115211264220e+00,3.457887577492495534e+00
-6.464013432851153595e+00,3.457887577492512410e+00
-6.334418750491042971e+00,3.457887577492512410e+00
-6.204824068130932346e+00,3.457887577492512410e+00
-6.075229385770821722e+00,3.457887577492512410e+00
-5.945634703410711097e+00,3.457887577492512410e+00
-5.816040021050600473e+00,3.457887577492512410e+00
-5.686445338690490736e+00,1.728943788746255539e+00
-5.556850656330380112e+00,3.457887577492512410e+00
-5.427255973970269487e+00,3.457887577492512410e+00
-5.297661291610158862e+00,7.175765064749359823e-01
-5.168066609250048238e+00,3.457887577492512410e+00
-5.038471926889938501e+00,7.175765064749186628e-01
-4.908877244529827877e+00,3.457887577492512410e+00
-4.779282562169717252e+00,3.457887577492512410e+00
-4.649687879809606628e+00,3.457887577492512410e+00
-4.520093197449496003e+00,3.457887577492512410e+00
-4.390498515089385378e+00,3.457887577492512410e+00
-4.260903832729274754e+00,3.457887577492512410e+00
-4.131309150369164129e+00,3.457887577492512410e+00
-4.001714468009054393e+00,3.457887577492512410e+00
-3.872119785648943768e+00,3.457887577492512410e+00
-3.742525103288833144e+00,3.457887577492512410e+00
-3.612930420928722519e+00,3.457887577492512410e+00
-3.483335738568611895e+00,3.457887577492512410e+00
-3.353741056208501714e+00,1.728943788746239552e+00
-3.224146373848391534e+00,3.457887577492512410e+00
-3.094551691488280909e+00,1.728943788746255539e+00
-2.964957009128170284e+00,3.457887577492512410e+00
-2.835362326768059660e+00,1.728943788746255539e+00
-2.705767644407949035e+00,3.457887577492512410e+00
-2.576172962047838411e+00,3.457887577492512410e+00
-2.446578279687727786e+00,3.457887577492512410e+00
-2.316983597327617161e+00,1.728943788746255539e+00
-2.187388914967506537e+00,7.175765064749359823e-01
-2.057794232607396800e+00,3.457887577492477771e+00
-1.928199550247287064e+00,3.457887577492512410e+00
-1.798604867887176439e+00,7.175765064749359823e-01
-1.669010185527065815e+00,3.457887577492512410e+00
-1.539415503166955190e+00,3.457887577492512410e+00
-1.409820820806844566e+00,3.457887577492512410e+00
-1.280226138446733941e+00,1.728943788746255539e+00
-1.150631456086623317e+00,0.000000000000000000e+00
-1.021036773726512692e+00,3.457887577492512410e+00
-8.914420913664020674e-01,3.457887577492512410e+00
-7.618474090062914428e-01,1.728943788746255539e+00
-6.322527266461808182e-01,3.457887577492512410e+00
-5.026580442860701936e-01,3.457887577492512410e+00
-3.730633619259604572e-01,3.457887577492477771e+00
-2.434686795658507208e-01,3.457887577492512410e+00
-1.138739972057400962e-01,3.457887577492512410e+00
1.572068515437052838e-02,3.457887577492512410e+00
1.453153675144811530e-01,3.457887577492512410e+00
2.749100498745917776e-01,1.728943788746255539e+00
4.045047322347024021e-01,1.728943788746255539e+00
5.340994145948130267e-01,3.457887577492512410e+00
6.636940969549236513e-01,3.457887577492512410e+00
7.932887793150342759e-01,3.457887577492512410e+00
9.228834616751449005e-01,3.457887577492512410e+00
1.052478144035255525e+00,3.457887577492512410e+00
1.182072826395365261e+00,3.457887577492512410e+00
1.311667508755474998e+00,3.457887577492512410e+00
1.441262191115585622e+00,3.457887577492512410e+00
1.570856873475696247e+00,3.457887577492512410e+00
1.700451555835806872e+00,3.457887577492512410e+00
1.830046238195917496e+00,3.457887577492512410e+00
1.959640920556028121e+00,3.457887577492512410e+00
2.089235602916138745e+00,3.457887577492512410e+00
2.218830285276249370e+00,3.457887577492512410e+00
2.348424967636359995e+00,3.457887577492512410e+00
2.478019649996470619e+00,3.457887577492512410e+00
2.607614332356581244e+00,3.457887577492512410e+00
2.737209014716691868e+00,3.457887577492512410e+00
2.866803697076801605e+00,3.457887577492512410e+00
2.996398379436911341e+00,3.457887577492512410e+00
3.125993061797021966e+00,3.457887577492512410e+00
3.255587744157132590e+00,3.457887577492512410e+00
3.385182426517243215e+00,3.457887577492512410e+00
3.514777108877353839e+00,3.457887577492512410e+00
3.644371791237464464e+00,3.457887577492512410e+00
3.773966473597575089e+00,3.457887577492512410e+00
3.903561155957685713e+00,3.457887577492512410e+00
4.033155838317796338e+00,3.457887577492512410e+00
4.162750520677906962e+00,3.457887577492512410e+00
4.292345203038017587e+00,3.457887577492512410e+00
4.421939885398128212e+00,3.457887577492512410e+00
4.551534567758237948e+00,3.457887577492512410e+00
4.681129250118347684e+00,3.457887577492512410e+00
4.810723932478458309e+00,3.457887577492512410e+00
4.940318614838568934e+00,3.457887577492512410e+00
5.069913297198679558e+00,3.457887577492512410e+00
5.199507979558790183e+00,3.457887577492512410e+00
5.329102661918900807e+00,3.457887577492512410e+00
5.458697344279011432e+00,3.457887577492512410e+00
5.588292026639122057e+00,3.457887577492512410e+00
5.717886708999232681e+00,3.457887577492512410e+00
5.847481391359343306e+00,3.457887577492512410e+00
5.977076073719453930e+00,3.457887577492512410e+00
6.106670756079564555e+00,3.457887577492512410e+00
6.236265438439675179e+00,3.457887577492512410e+00
6.365860120799785804e+00,1.728943788746255539e+00
6.495454803159896429e+00,3.457887577492512410e+00
6.625049485520007053e+00,3.457887577492512410e+00
6.754644167880117678e+00,3.457887577492512410e+00
6.884238850240228302e+00,3.457887577492512410e+00
7.013833532600337151e+00,3.457887577492512410e+00
7.143428214960445999e+00,3.457887577492512410e+00
7.273022897320556623e+00,3.457887577492512410e+00
7.402617579680667248e+00,3.457887577492512410e+00
7.532212262040777873e+00,3.457887577492512410e+00
7.661806944400888497e+00,3.457887577492512410e+00
7.791401626760999122e+00,3.457887577492512410e+00
7.920996309121109746e+00,3.457887577492512410e+00
8.050590991481220371e+00,3.457887577492512410e+00
8.180185673841330996e+00,3.457887577492512410e+00
8.309780356201441620e+00,3.457887577492512410e+00
8.439375038561552245e+00,3.457887577492512410e+00
8.568969720921662869e+00,3.457887577492512410e+00
8.698564403281773494e+00,3.457887577492512410e+00
8.828159085641884118e+00,3.457887577492512410e+00
8.957753768001994743e+00,3.457887577492512410e+00
9.087348450362105368e+00,3.457887577492512410e+00
9.216943132722215992e+00,3.457887577492512410e+00
9.346537815082326617e+00,3.457887577492512410e+00
9.476132497442437241e+00,1.728943788746255539e+00
9.605727179802547866e+00,7.175765064749359823e-01
9.735321862162658491e+00,3.457887577492512410e+00
9.864916544522769115e+00,3.457887577492512410e+00
9.994511226882879740e+00,3.457887577492512410e+00
1.012410590924299036e+01,3.457887577492512410e+00
1.025370059160310099e+01,3.457887577492512410e+00
1.038329527396320984e+01,3.457887577492512410e+00
1.051288995632331869e+01,3.457887577492512410e+00
1.064248463868342931e+01,3.457887577492512410e+00
1.077207932104353993e+01,3.457887577492512410e+00
1.090167400340365056e+01,3.457887577492512410e+00
1.103126868576376118e+01,3.457887577492512410e+00
1.116086336812387181e+01,3.457887577492512410e+00
1.129045805048398243e+01,3.457887577492512410e+00
1.142005273284409306e+01,3.457887577492512410e+00
1.154964741520420368e+01,3.457887577492512410e+00
1.167924209756431431e+01,3.457887577492512410e+00
1.180883677992442493e+01,3.457887577492512410e+00
1.193843146228453556e+01,3.457887577492512410e+00
1.206802614464464618e+01,3.457887577492512410e+00
